,date,business_day
0,2022-04-16,0
1,2022-04-17,1
2,2022-04-18,1
3,2022-04-19,1
4,2022-04-20,1
5,2022-04-21,1
6,2022-04-22,0
7,2022-04-23,0
8,2022-04-24,1
9,2022-04-25,1
10,2022-04-26,1
11,2022-04-27,1
12,2022-04-28,1
13,2022-04-29,0
14,2022-04-30,0
15,2022-05-01,1
16,2022-05-02,1
17,2022-05-03,1
18,2022-05-04,1
19,2022-05-05,0
20,2022-05-06,0
21,2022-05-07,0
22,2022-05-08,1
23,2022-05-09,1
24,2022-05-10,1
25,2022-05-11,1
26,2022-05-12,1
27,2022-05-13,0
28,2022-05-14,0
29,2022-05-15,1
30,2022-05-16,1
31,2022-05-17,1
32,2022-05-18,1
33,2022-05-19,1
34,2022-05-20,0
35,2022-05-21,0
36,2022-05-22,1
37,2022-05-23,1
38,2022-05-24,1
39,2022-05-25,1
40,2022-05-26,1
41,2022-05-27,0
42,2022-05-28,0
43,2022-05-29,1
44,2022-05-30,1
45,2022-05-31,1
46,2022-06-01,1
47,2022-06-02,1
48,2022-06-03,0
49,2022-06-04,0
50,2022-06-05,0
51,2022-06-06,1
52,2022-06-07,1
53,2022-06-08,1
54,2022-06-09,1
55,2022-06-10,0
56,2022-06-11,0
57,2022-06-12,1
58,2022-06-13,1
59,2022-06-14,1
60,2022-06-15,1
61,2022-06-16,1
62,2022-06-17,0
63,2022-06-18,0
64,2022-06-19,1
65,2022-06-20,1
66,2022-06-21,1
67,2022-06-22,1
68,2022-06-23,1
69,2022-06-24,0
70,2022-06-25,0
71,2022-06-26,1
72,2022-06-27,1
73,2022-06-28,1
74,2022-06-29,1
75,2022-06-30,1
76,2022-07-01,0
77,2022-07-02,0
78,2022-07-03,1
79,2022-07-04,1
80,2022-07-05,1
81,2022-07-06,1
82,2022-07-07,1
83,2022-07-08,0
84,2022-07-09,0
85,2022-07-10,1
86,2022-07-11,1
87,2022-07-12,1
88,2022-07-13,1
89,2022-07-14,1
90,2022-07-15,0
91,2022-07-16,0
92,2022-07-17,1
93,2022-07-18,1
94,2022-07-19,1
95,2022-07-20,1
96,2022-07-21,1
97,2022-07-22,0
98,2022-07-23,0
99,2022-07-24,1
100,2022-07-25,1
101,2022-07-26,1
102,2022-07-27,1
103,2022-07-28,1
104,2022-07-29,0
105,2022-07-30,0
106,2022-07-31,1
107,2022-08-01,1
108,2022-08-02,1
109,2022-08-03,1
110,2022-08-04,1
111,2022-08-05,0
112,2022-08-06,0
113,2022-08-07,1
114,2022-08-08,1
115,2022-08-09,1
116,2022-08-10,1
117,2022-08-11,1
118,2022-08-12,0
119,2022-08-13,0
120,2022-08-14,1
121,2022-08-15,1
122,2022-08-16,1
123,2022-08-17,1
124,2022-08-18,1
125,2022-08-19,0
126,2022-08-20,0
127,2022-08-21,1
128,2022-08-22,1
129,2022-08-23,1
130,2022-08-24,1
131,2022-08-25,1
132,2022-08-26,0
133,2022-08-27,0
134,2022-08-28,1
135,2022-08-29,1
136,2022-08-30,1
137,2022-08-31,1
138,2022-09-01,1
139,2022-09-02,0
140,2022-09-03,0
141,2022-09-04,1
142,2022-09-05,1
143,2022-09-06,1
144,2022-09-07,1
145,2022-09-08,1
146,2022-09-09,0
147,2022-09-10,0
148,2022-09-11,1
149,2022-09-12,1
150,2022-09-13,1
151,2022-09-14,1
152,2022-09-15,1
153,2022-09-16,0
154,2022-09-17,0
155,2022-09-18,1
156,2022-09-19,1
157,2022-09-20,1
158,2022-09-21,1
159,2022-09-22,1
160,2022-09-23,0
161,2022-09-24,0
162,2022-09-25,1
163,2022-09-26,0
164,2022-09-27,0
165,2022-09-28,1
166,2022-09-29,1
167,2022-09-30,0
168,2022-10-01,0
169,2022-10-02,1
170,2022-10-03,1
171,2022-10-04,1
172,2022-10-05,0
173,2022-10-06,1
174,2022-10-07,0
175,2022-10-08,0
176,2022-10-09,1
177,2022-10-10,0
178,2022-10-11,1
179,2022-10-12,1
180,2022-10-13,1
181,2022-10-14,0
182,2022-10-15,0
183,2022-10-16,1
184,2022-10-17,0
185,2022-10-18,1
186,2022-10-19,1
187,2022-10-20,1
188,2022-10-21,0
189,2022-10-22,0
190,2022-10-23,1
191,2022-10-24,1
192,2022-10-25,1
193,2022-10-26,1
194,2022-10-27,1
195,2022-10-28,0
196,2022-10-29,0
197,2022-10-30,1
198,2022-10-31,1
199,2022-11-01,1
200,2022-11-02,1
201,2022-11-03,1
202,2022-11-04,0
203,2022-11-05,0
204,2022-11-06,1
205,2022-11-07,1
206,2022-11-08,1
207,2022-11-09,1
208,2022-11-10,1
209,2022-11-11,0
210,2022-11-12,0
211,2022-11-13,1
212,2022-11-14,1
213,2022-11-15,1
214,2022-11-16,1
215,2022-11-17,1
216,2022-11-18,0
217,2022-11-19,0
218,2022-11-20,1
219,2022-11-21,1
220,2022-11-22,1
221,2022-11-23,1
222,2022-11-24,1
223,2022-11-25,0
224,2022-11-26,0
225,2022-11-27,1
226,2022-11-28,1
227,2022-11-29,1
228,2022-11-30,1
229,2022-12-01,1
230,2022-12-02,0
231,2022-12-03,0
232,2022-12-04,1
233,2022-12-05,1
234,2022-12-06,1
235,2022-12-07,1
236,2022-12-08,1
237,2022-12-09,0
238,2022-12-10,0
239,2022-12-11,1
240,2022-12-12,1
241,2022-12-13,1
242,2022-12-14,1
243,2022-12-15,1
244,2022-12-16,0
245,2022-12-17,0
246,2022-12-18,1
247,2022-12-19,1
248,2022-12-20,1
249,2022-12-21,1
250,2022-12-22,1
251,2022-12-23,0
252,2022-12-24,0
253,2022-12-25,1
254,2022-12-26,1
255,2022-12-27,1
256,2022-12-28,1
257,2022-12-29,1
258,2022-12-30,0
259,2022-12-31,0
260,2023-01-01,1
261,2023-01-02,1
262,2023-01-03,1
263,2023-01-04,1
264,2023-01-05,1
265,2023-01-06,0
266,2023-01-07,0
267,2023-01-08,1
268,2023-01-09,1
269,2023-01-10,1
270,2023-01-11,1
271,2023-01-12,1
272,2023-01-13,0
273,2023-01-14,0
274,2023-01-15,1
275,2023-01-16,1
276,2023-01-17,1
277,2023-01-18,1
278,2023-01-19,1
279,2023-01-20,0
280,2023-01-21,0
281,2023-01-22,1
282,2023-01-23,1
283,2023-01-24,1
284,2023-01-25,1
285,2023-01-26,1
286,2023-01-27,0
287,2023-01-28,0
288,2023-01-29,1
289,2023-01-30,1
290,2023-01-31,1
291,2023-02-01,1
292,2023-02-02,1
293,2023-02-03,0
294,2023-02-04,0
295,2023-02-05,1
296,2023-02-06,1
297,2023-02-07,1
298,2023-02-08,1
299,2023-02-09,1
300,2023-02-10,0
301,2023-02-11,0
302,2023-02-12,1
303,2023-02-13,1
304,2023-02-14,1
305,2023-02-15,1
306,2023-02-16,1
307,2023-02-17,0
308,2023-02-18,0
309,2023-02-19,1
310,2023-02-20,1
311,2023-02-21,1
312,2023-02-22,1
313,2023-02-23,1
314,2023-02-24,0
315,2023-02-25,0
316,2023-02-26,1
317,2023-02-27,1
318,2023-02-28,1
319,2023-03-01,1
320,2023-03-02,1
321,2023-03-03,0
322,2023-03-04,0
323,2023-03-05,1
324,2023-03-06,1
325,2023-03-07,1
326,2023-03-08,1
327,2023-03-09,1
328,2023-03-10,0
329,2023-03-11,0
330,2023-03-12,1
331,2023-03-13,1
332,2023-03-14,1
333,2023-03-15,1
334,2023-03-16,1
335,2023-03-17,0
336,2023-03-18,0
337,2023-03-19,1
338,2023-03-20,1
339,2023-03-21,1
340,2023-03-22,1
341,2023-03-23,1
342,2023-03-24,0
343,2023-03-25,0
344,2023-03-26,1
345,2023-03-27,1
346,2023-03-28,1
347,2023-03-29,1
348,2023-03-30,1
349,2023-03-31,0
350,2023-04-01,0
351,2023-04-02,1
352,2023-04-03,1
353,2023-04-04,1
354,2023-04-05,1
355,2023-04-06,1
356,2023-04-07,0
357,2023-04-08,0
358,2023-04-09,1
359,2023-04-10,1
360,2023-04-11,1
361,2023-04-12,1
362,2023-04-13,1
363,2023-04-14,0
364,2023-04-15,0
365,2023-04-16,0
366,2023-04-17,1
367,2023-04-18,1
368,2023-04-19,1
369,2023-04-20,1
370,2023-04-21,0
371,2023-04-22,0
372,2023-04-23,1
373,2023-04-24,1
374,2023-04-25,1
375,2023-04-26,1
376,2023-04-27,1
377,2023-04-28,0
378,2023-04-29,0
379,2023-04-30,1
380,2023-05-01,1
381,2023-05-02,1
382,2023-05-03,1
383,2023-05-04,1
384,2023-05-05,0
385,2023-05-06,0
386,2023-05-07,1
387,2023-05-08,1
388,2023-05-09,1
389,2023-05-10,1
390,2023-05-11,1
391,2023-05-12,0
392,2023-05-13,0
393,2023-05-14,1
394,2023-05-15,1
395,2023-05-16,1
396,2023-05-17,1
397,2023-05-18,1
398,2023-05-19,0
399,2023-05-20,0
400,2023-05-21,1
401,2023-05-22,1
402,2023-05-23,1
403,2023-05-24,1
404,2023-05-25,1
405,2023-05-26,0
406,2023-05-27,0
407,2023-05-28,1
408,2023-05-29,1
409,2023-05-30,1
410,2023-05-31,1
411,2023-06-01,1
412,2023-06-02,0
413,2023-06-03,0
414,2023-06-04,1
415,2023-06-05,0
416,2023-06-06,1
417,2023-06-07,1
418,2023-06-08,1
419,2023-06-09,0
420,2023-06-10,0
421,2023-06-11,1
422,2023-06-12,1
423,2023-06-13,1
424,2023-06-14,1
425,2023-06-15,1
426,2023-06-16,0
427,2023-06-17,0
428,2023-06-18,1
429,2023-06-19,1
430,2023-06-20,1
431,2023-06-21,1
432,2023-06-22,1
433,2023-06-23,0
434,2023-06-24,0
435,2023-06-25,1
436,2023-06-26,1
437,2023-06-27,1
438,2023-06-28,1
439,2023-06-29,1
440,2023-06-30,0
441,2023-07-01,0
442,2023-07-02,1
443,2023-07-03,1
444,2023-07-04,1
445,2023-07-05,1
446,2023-07-06,1
447,2023-07-07,0
448,2023-07-08,0
449,2023-07-09,1
450,2023-07-10,1
451,2023-07-11,1
452,2023-07-12,1
453,2023-07-13,1
454,2023-07-14,0
455,2023-07-15,0
456,2023-07-16,1
457,2023-07-17,1
458,2023-07-18,1
459,2023-07-19,1
460,2023-07-20,1
461,2023-07-21,0
462,2023-07-22,0
463,2023-07-23,1
464,2023-07-24,1
465,2023-07-25,1
466,2023-07-26,1
467,2023-07-27,1
468,2023-07-28,0
469,2023-07-29,0
470,2023-07-30,1
471,2023-07-31,1
472,2023-08-01,1
473,2023-08-02,1
474,2023-08-03,1
475,2023-08-04,0
476,2023-08-05,0
477,2023-08-06,1
478,2023-08-07,1
479,2023-08-08,1
480,2023-08-09,1
481,2023-08-10,1
482,2023-08-11,0
483,2023-08-12,0
484,2023-08-13,1
485,2023-08-14,1
486,2023-08-15,1
487,2023-08-16,1
488,2023-08-17,1
489,2023-08-18,0
490,2023-08-19,0
491,2023-08-20,1
492,2023-08-21,1
493,2023-08-22,1
494,2023-08-23,1
495,2023-08-24,1
496,2023-08-25,0
497,2023-08-26,0
498,2023-08-27,1
499,2023-08-28,1
500,2023-08-29,1
501,2023-08-30,1
502,2023-08-31,1
503,2023-09-01,0
504,2023-09-02,0
505,2023-09-03,1
506,2023-09-04,1
507,2023-09-05,1
508,2023-09-06,1
509,2023-09-07,1
510,2023-09-08,0
511,2023-09-09,0
512,2023-09-10,1
513,2023-09-11,1
514,2023-09-12,1
515,2023-09-13,1
516,2023-09-14,1
517,2023-09-15,0
518,2023-09-16,0
519,2023-09-17,1
520,2023-09-18,1
521,2023-09-19,1
522,2023-09-20,1
523,2023-09-21,1
524,2023-09-22,0
525,2023-09-23,0
526,2023-09-24,1
527,2023-09-25,1
528,2023-09-26,0
529,2023-09-27,0
530,2023-09-28,1
531,2023-09-29,0
532,2023-09-30,0
533,2023-10-01,1
534,2023-10-02,1
535,2023-10-03,1
536,2023-10-04,1
537,2023-10-05,0
538,2023-10-06,0
539,2023-10-07,0
540,2023-10-08,1
541,2023-10-09,1
542,2023-10-10,0
543,2023-10-11,1
544,2023-10-12,1
545,2023-10-13,0
546,2023-10-14,0
547,2023-10-15,1
548,2023-10-16,1
549,2023-10-17,0
550,2023-10-18,1
551,2023-10-19,1
552,2023-10-20,0
553,2023-10-21,0
554,2023-10-22,1
555,2023-10-23,1
556,2023-10-24,1
557,2023-10-25,1
558,2023-10-26,1
559,2023-10-27,0
560,2023-10-28,0
561,2023-10-29,1
562,2023-10-30,1
563,2023-10-31,1
564,2023-11-01,1
565,2023-11-02,1
566,2023-11-03,0
567,2023-11-04,0
568,2023-11-05,1
569,2023-11-06,1
570,2023-11-07,1
571,2023-11-08,1
572,2023-11-09,1
573,2023-11-10,0
574,2023-11-11,0
575,2023-11-12,1
576,2023-11-13,1
577,2023-11-14,1
578,2023-11-15,1
579,2023-11-16,1
580,2023-11-17,0
581,2023-11-18,0
582,2023-11-19,1
583,2023-11-20,1
584,2023-11-21,1
585,2023-11-22,1
586,2023-11-23,1
587,2023-11-24,0
588,2023-11-25,0
589,2023-11-26,1
590,2023-11-27,1
591,2023-11-28,1
592,2023-11-29,1
593,2023-11-30,1
594,2023-12-01,0
595,2023-12-02,0
596,2023-12-03,1
597,2023-12-04,1
598,2023-12-05,1
599,2023-12-06,1
600,2023-12-07,1
601,2023-12-08,0
602,2023-12-09,0
603,2023-12-10,1
604,2023-12-11,1
605,2023-12-12,1
606,2023-12-13,1
607,2023-12-14,1
608,2023-12-15,0
609,2023-12-16,0
610,2023-12-17,1
611,2023-12-18,1
612,2023-12-19,1
613,2023-12-20,1
614,2023-12-21,1
615,2023-12-22,0
616,2023-12-23,0
617,2023-12-24,1
618,2023-12-25,1
619,2023-12-26,1
620,2023-12-27,1
621,2023-12-28,1
622,2023-12-29,0
623,2023-12-30,0
624,2023-12-31,1
625,2024-01-01,1
626,2024-01-02,1
627,2024-01-03,1
628,2024-01-04,1
629,2024-01-05,0
630,2024-01-06,0
631,2024-01-07,1
632,2024-01-08,1
633,2024-01-09,1
634,2024-01-10,1
635,2024-01-11,1
636,2024-01-12,0
637,2024-01-13,0
638,2024-01-14,1
639,2024-01-15,1
640,2024-01-16,1
641,2024-01-17,1
642,2024-01-18,1
643,2024-01-19,0
644,2024-01-20,0
645,2024-01-21,1
646,2024-01-22,1
647,2024-01-23,1
648,2024-01-24,1
649,2024-01-25,1
650,2024-01-26,0
651,2024-01-27,0
652,2024-01-28,1
653,2024-01-29,1
654,2024-01-30,1
655,2024-01-31,1
656,2024-02-01,1
657,2024-02-02,0
658,2024-02-03,0
659,2024-02-04,1
660,2024-02-05,1
661,2024-02-06,1
662,2024-02-07,1
663,2024-02-08,1
664,2024-02-09,0
665,2024-02-10,0
666,2024-02-11,1
667,2024-02-12,1
668,2024-02-13,1
669,2024-02-14,1
670,2024-02-15,1
671,2024-02-16,0
672,2024-02-17,0
673,2024-02-18,1
674,2024-02-19,1
675,2024-02-20,1
676,2024-02-21,1
677,2024-02-22,1
678,2024-02-23,0
679,2024-02-24,0
680,2024-02-25,1
681,2024-02-26,1
682,2024-02-27,1
683,2024-02-28,1
684,2024-02-29,1
685,2024-03-01,0
686,2024-03-02,0
687,2024-03-03,1
688,2024-03-04,1
689,2024-03-05,1
690,2024-03-06,1
691,2024-03-07,1
692,2024-03-08,0
693,2024-03-09,0
694,2024-03-10,1
695,2024-03-11,1
696,2024-03-12,1
697,2024-03-13,1
698,2024-03-14,1
699,2024-03-15,0
700,2024-03-16,0
701,2024-03-17,1
702,2024-03-18,1
703,2024-03-19,1
704,2024-03-20,1
705,2024-03-21,1
706,2024-03-22,0
707,2024-03-23,0
708,2024-03-24,1
709,2024-03-25,1
710,2024-03-26,1
711,2024-03-27,1
712,2024-03-28,1
713,2024-03-29,0
714,2024-03-30,0
715,2024-03-31,1
716,2024-04-01,1
717,2024-04-02,1
718,2024-04-03,1
719,2024-04-04,1
720,2024-04-05,0
721,2024-04-06,0
722,2024-04-07,1
723,2024-04-08,1
724,2024-04-09,1
725,2024-04-10,1
726,2024-04-11,1
727,2024-04-12,0
728,2024-04-13,0
729,2024-04-14,1
730,2024-04-15,1
731,2024-04-16,0
732,2024-04-17,1
733,2024-04-18,1
734,2024-04-19,0
735,2024-04-20,0
736,2024-04-21,1
737,2024-04-22,0
738,2024-04-23,1
739,2024-04-24,1
740,2024-04-25,1
741,2024-04-26,0
742,2024-04-27,0
743,2024-04-28,1
744,2024-04-29,1
745,2024-04-30,1
746,2024-05-01,1
747,2024-05-02,1
748,2024-05-03,0
749,2024-05-04,0
750,2024-05-05,0
751,2024-05-06,1
752,2024-05-07,1
753,2024-05-08,1
754,2024-05-09,1
755,2024-05-10,0
756,2024-05-11,0
757,2024-05-12,1
758,2024-05-13,1
759,2024-05-14,1
760,2024-05-15,1
761,2024-05-16,1
762,2024-05-17,0
763,2024-05-18,0
764,2024-05-19,1
765,2024-05-20,1
766,2024-05-21,1
767,2024-05-22,1
768,2024-05-23,1
769,2024-05-24,0
770,2024-05-25,0
771,2024-05-26,1
772,2024-05-27,1
773,2024-05-28,1
774,2024-05-29,1
775,2024-05-30,1
776,2024-05-31,0
777,2024-06-01,0
778,2024-06-02,1
779,2024-06-03,1
780,2024-06-04,1
781,2024-06-05,0
782,2024-06-06,1
783,2024-06-07,0
784,2024-06-08,0
785,2024-06-09,1
786,2024-06-10,1
787,2024-06-11,1
788,2024-06-12,1
789,2024-06-13,1
790,2024-06-14,0
791,2024-06-15,0
792,2024-06-16,1
793,2024-06-17,1
794,2024-06-18,1
795,2024-06-19,1
796,2024-06-20,1
797,2024-06-21,0
798,2024-06-22,0
799,2024-06-23,1
800,2024-06-24,1
801,2024-06-25,1
802,2024-06-26,1
803,2024-06-27,1
804,2024-06-28,0
805,2024-06-29,0
806,2024-06-30,1
807,2024-07-01,1
808,2024-07-02,1
809,2024-07-03,1
810,2024-07-04,1
811,2024-07-05,0
812,2024-07-06,0
813,2024-07-07,1
814,2024-07-08,1
815,2024-07-09,1
816,2024-07-10,1
817,2024-07-11,1
818,2024-07-12,0
819,2024-07-13,0
820,2024-07-14,1
821,2024-07-15,1
822,2024-07-16,1
823,2024-07-17,1
824,2024-07-18,1
825,2024-07-19,0
826,2024-07-20,0
827,2024-07-21,1
828,2024-07-22,1
829,2024-07-23,1
830,2024-07-24,1
831,2024-07-25,1
832,2024-07-26,0
833,2024-07-27,0
834,2024-07-28,1
835,2024-07-29,1
836,2024-07-30,1
837,2024-07-31,1
838,2024-08-01,1
839,2024-08-02,0
840,2024-08-03,0
841,2024-08-04,1
842,2024-08-05,1
843,2024-08-06,1
844,2024-08-07,1
845,2024-08-08,1
846,2024-08-09,0
847,2024-08-10,0
848,2024-08-11,1
849,2024-08-12,1
850,2024-08-13,1
851,2024-08-14,1
852,2024-08-15,1
853,2024-08-16,0
854,2024-08-17,0
855,2024-08-18,1
856,2024-08-19,1
857,2024-08-20,1
858,2024-08-21,1
859,2024-08-22,1
860,2024-08-23,0
861,2024-08-24,0
862,2024-08-25,1
863,2024-08-26,1
864,2024-08-27,1
865,2024-08-28,1
866,2024-08-29,1
867,2024-08-30,0
868,2024-08-31,0
869,2024-09-01,1
870,2024-09-02,1
871,2024-09-03,1
872,2024-09-04,1
873,2024-09-05,1
874,2024-09-06,0
875,2024-09-07,0
876,2024-09-08,1
877,2024-09-09,1
878,2024-09-10,1
879,2024-09-11,1
880,2024-09-12,1
881,2024-09-13,0
882,2024-09-14,0
883,2024-09-15,1
884,2024-09-16,1
885,2024-09-17,1
886,2024-09-18,1
887,2024-09-19,1
888,2024-09-20,0
889,2024-09-21,0
890,2024-09-22,1
891,2024-09-23,1
892,2024-09-24,1
893,2024-09-25,1
894,2024-09-26,0
895,2024-09-27,0
896,2024-09-28,0
897,2024-09-29,1
898,2024-09-30,1
899,2024-10-01,1
900,2024-10-02,1
901,2024-10-03,1
902,2024-10-04,0
903,2024-10-05,0
904,2024-10-06,1
905,2024-10-07,1
906,2024-10-08,1
907,2024-10-09,1
908,2024-10-10,0
909,2024-10-11,0
910,2024-10-12,0
911,2024-10-13,1
912,2024-10-14,1
913,2024-10-15,1
914,2024-10-16,1
915,2024-10-17,0
916,2024-10-18,0
917,2024-10-19,0
918,2024-10-20,1
919,2024-10-21,1
920,2024-10-22,1
921,2024-10-23,1
922,2024-10-24,1
923,2024-10-25,0
924,2024-10-26,0
925,2024-10-27,1
926,2024-10-28,1
927,2024-10-29,1
928,2024-10-30,1
929,2024-10-31,1
930,2024-11-01,0
931,2024-11-02,0
932,2024-11-03,1
933,2024-11-04,1
934,2024-11-05,1
935,2024-11-06,1
936,2024-11-07,1
937,2024-11-08,0
938,2024-11-09,0
939,2024-11-10,1
940,2024-11-11,1
941,2024-11-12,1
942,2024-11-13,1
943,2024-11-14,1
944,2024-11-15,0
945,2024-11-16,0
946,2024-11-17,1
947,2024-11-18,1
948,2024-11-19,1
949,2024-11-20,1
950,2024-11-21,1
951,2024-11-22,0
952,2024-11-23,0
953,2024-11-24,1
954,2024-11-25,1
955,2024-11-26,1
956,2024-11-27,1
957,2024-11-28,1
958,2024-11-29,0
959,2024-11-30,0
960,2024-12-01,1
961,2024-12-02,1
962,2024-12-03,1
963,2024-12-04,1
964,2024-12-05,1
965,2024-12-06,0
966,2024-12-07,0
967,2024-12-08,1
968,2024-12-09,1
969,2024-12-10,1
970,2024-12-11,1
971,2024-12-12,1
972,2024-12-13,0
973,2024-12-14,0
974,2024-12-15,1
975,2024-12-16,1
976,2024-12-17,1
977,2024-12-18,1
978,2024-12-19,1
979,2024-12-20,0
980,2024-12-21,0
981,2024-12-22,1
982,2024-12-23,1
983,2024-12-24,1
984,2024-12-25,1
985,2024-12-26,1
986,2024-12-27,0
987,2024-12-28,0
988,2024-12-29,1
989,2024-12-30,1
990,2024-12-31,1
991,2025-01-01,1
992,2025-01-02,1
993,2025-01-03,0
994,2025-01-04,0
995,2025-01-05,1
996,2025-01-06,1
997,2025-01-07,1
998,2025-01-08,1
999,2025-01-09,1
1000,2025-01-10,0
1001,2025-01-11,0
1002,2025-01-12,1
1003,2025-01-13,1
1004,2025-01-14,1
1005,2025-01-15,1
1006,2025-01-16,1
1007,2025-01-17,0
1008,2025-01-18,0
1009,2025-01-19,1
1010,2025-01-20,1
1011,2025-01-21,1
1012,2025-01-22,1
1013,2025-01-23,1
1014,2025-01-24,0
1015,2025-01-25,0
1016,2025-01-26,1
1017,2025-01-27,1
1018,2025-01-28,1
1019,2025-01-29,1
1020,2025-01-30,1
1021,2025-01-31,0
1022,2025-02-01,0
1023,2025-02-02,1
1024,2025-02-03,1
1025,2025-02-04,1
1026,2025-02-05,1
1027,2025-02-06,1
1028,2025-02-07,0
1029,2025-02-08,0
1030,2025-02-09,1
1031,2025-02-10,1
1032,2025-02-11,1
1033,2025-02-12,1
1034,2025-02-13,1
1035,2025-02-14,0
1036,2025-02-15,0
1037,2025-02-16,1
1038,2025-02-17,1
1039,2025-02-18,1
1040,2025-02-19,1
1041,2025-02-20,1
1042,2025-02-21,0
1043,2025-02-22,0
1044,2025-02-23,1
1045,2025-02-24,1
1046,2025-02-25,1
1047,2025-02-26,1
1048,2025-02-27,1
1049,2025-02-28,0
1050,2025-03-01,0
1051,2025-03-02,1
1052,2025-03-03,1
1053,2025-03-04,1
1054,2025-03-05,1
1055,2025-03-06,1
1056,2025-03-07,0
1057,2025-03-08,0
1058,2025-03-09,1
1059,2025-03-10,1
1060,2025-03-11,1
1061,2025-03-12,1
1062,2025-03-13,1
1063,2025-03-14,0
1064,2025-03-15,0
1065,2025-03-16,1
1066,2025-03-17,1
1067,2025-03-18,1
1068,2025-03-19,1
1069,2025-03-20,1
1070,2025-03-21,0
1071,2025-03-22,0
1072,2025-03-23,1
1073,2025-03-24,1
1074,2025-03-25,1
1075,2025-03-26,1
1076,2025-03-27,1
1077,2025-03-28,0
1078,2025-03-29,0
1079,2025-03-30,1
1080,2025-03-31,1
1081,2025-04-01,1
1082,2025-04-02,1
1083,2025-04-03,1
1084,2025-04-04,0
1085,2025-04-05,0
1086,2025-04-06,1
1087,2025-04-07,1
1088,2025-04-08,1
1089,2025-04-09,1
1090,2025-04-10,1
1091,2025-04-11,0
1092,2025-04-12,0
1093,2025-04-13,1
1094,2025-04-14,1
1095,2025-04-15,1
1096,2025-04-16,0
1097,2025-04-17,1
1098,2025-04-18,0
1099,2025-04-19,0
1100,2025-04-20,1
1101,2025-04-21,1
1102,2025-04-22,0
1103,2025-04-23,1
1104,2025-04-24,1
1105,2025-04-25,0
1106,2025-04-26,0
1107,2025-04-27,1
1108,2025-04-28,1
1109,2025-04-29,1
1110,2025-04-30,1
1111,2025-05-01,1
1112,2025-05-02,0
1113,2025-05-03,0
1114,2025-05-04,1
1115,2025-05-05,0
1116,2025-05-06,1
1117,2025-05-07,1
1118,2025-05-08,1
1119,2025-05-09,0
1120,2025-05-10,0
1121,2025-05-11,1
1122,2025-05-12,1
1123,2025-05-13,1
1124,2025-05-14,1
1125,2025-05-15,1
1126,2025-05-16,0
1127,2025-05-17,0
1128,2025-05-18,1
1129,2025-05-19,1
1130,2025-05-20,1
1131,2025-05-21,1
1132,2025-05-22,1
1133,2025-05-23,0
1134,2025-05-24,0
1135,2025-05-25,1
1136,2025-05-26,1
1137,2025-05-27,1
1138,2025-05-28,1
1139,2025-05-29,1
1140,2025-05-30,0
1141,2025-05-31,0
1142,2025-06-01,1
1143,2025-06-02,1
1144,2025-06-03,1
1145,2025-06-04,1
1146,2025-06-05,0
1147,2025-06-06,0
1148,2025-06-07,0
1149,2025-06-08,1
1150,2025-06-09,1
1151,2025-06-10,1
1152,2025-06-11,1
1153,2025-06-12,1
1154,2025-06-13,0
1155,2025-06-14,0
1156,2025-06-15,1
1157,2025-06-16,1
1158,2025-06-17,1
1159,2025-06-18,1
1160,2025-06-19,1
1161,2025-06-20,0
1162,2025-06-21,0
1163,2025-06-22,1
1164,2025-06-23,1
1165,2025-06-24,1
1166,2025-06-25,1
1167,2025-06-26,1
1168,2025-06-27,0
1169,2025-06-28,0
1170,2025-06-29,1
1171,2025-06-30,1
1172,2025-07-01,1
1173,2025-07-02,1
1174,2025-07-03,1
1175,2025-07-04,0
1176,2025-07-05,0
1177,2025-07-06,1
1178,2025-07-07,1
1179,2025-07-08,1
1180,2025-07-09,1
1181,2025-07-10,1
1182,2025-07-11,0
1183,2025-07-12,0
1184,2025-07-13,1
1185,2025-07-14,1
1186,2025-07-15,1
1187,2025-07-16,1
1188,2025-07-17,1
1189,2025-07-18,0
1190,2025-07-19,0
1191,2025-07-20,1
1192,2025-07-21,1
1193,2025-07-22,1
1194,2025-07-23,1
1195,2025-07-24,1
1196,2025-07-25,0
1197,2025-07-26,0
1198,2025-07-27,1
1199,2025-07-28,1
1200,2025-07-29,1
1201,2025-07-30,1
1202,2025-07-31,1
1203,2025-08-01,0
1204,2025-08-02,0
1205,2025-08-03,1
1206,2025-08-04,1
1207,2025-08-05,1
1208,2025-08-06,1
1209,2025-08-07,1
1210,2025-08-08,0
1211,2025-08-09,0
1212,2025-08-10,1
1213,2025-08-11,1
1214,2025-08-12,1
1215,2025-08-13,1
1216,2025-08-14,1
1217,2025-08-15,0
1218,2025-08-16,0
1219,2025-08-17,1
1220,2025-08-18,1
1221,2025-08-19,1
1222,2025-08-20,1
1223,2025-08-21,1
1224,2025-08-22,0
1225,2025-08-23,0
1226,2025-08-24,1
1227,2025-08-25,1
1228,2025-08-26,1
1229,2025-08-27,1
1230,2025-08-28,1
1231,2025-08-29,0
1232,2025-08-30,0
1233,2025-08-31,1
1234,2025-09-01,1
1235,2025-09-02,1
1236,2025-09-03,1
1237,2025-09-04,1
1238,2025-09-05,0
1239,2025-09-06,0
1240,2025-09-07,1
1241,2025-09-08,1
1242,2025-09-09,1
1243,2025-09-10,1
1244,2025-09-11,1
1245,2025-09-12,0
1246,2025-09-13,0
1247,2025-09-14,1
1248,2025-09-15,1
1249,2025-09-16,1
1250,2025-09-17,1
1251,2025-09-18,1
1252,2025-09-19,0
1253,2025-09-20,0
1254,2025-09-21,1
1255,2025-09-22,1
1256,2025-09-23,1
1257,2025-09-24,1
1258,2025-09-25,1
1259,2025-09-26,0
1260,2025-09-27,0
1261,2025-09-28,1
1262,2025-09-29,1
1263,2025-09-30,1
1264,2025-10-01,1
1265,2025-10-02,1
1266,2025-10-03,0
1267,2025-10-04,0
1268,2025-10-05,0
1269,2025-10-06,1
1270,2025-10-07,1
1271,2025-10-08,1
1272,2025-10-09,1
1273,2025-10-10,0
1274,2025-10-11,0
1275,2025-10-12,1
1276,2025-10-13,1
1277,2025-10-14,1
1278,2025-10-15,1
1279,2025-10-16,1
1280,2025-10-17,0
1281,2025-10-18,0
1282,2025-10-19,1
1283,2025-10-20,1
1284,2025-10-21,1
1285,2025-10-22,1
1286,2025-10-23,1
1287,2025-10-24,0
1288,2025-10-25,0
1289,2025-10-26,1
1290,2025-10-27,1
1291,2025-10-28,1
1292,2025-10-29,1
1293,2025-10-30,1
1294,2025-10-31,0
1295,2025-11-01,0
1296,2025-11-02,1
1297,2025-11-03,1
1298,2025-11-04,1
1299,2025-11-05,1
1300,2025-11-06,1
1301,2025-11-07,0
1302,2025-11-08,0
1303,2025-11-09,1
1304,2025-11-10,1
1305,2025-11-11,1
1306,2025-11-12,1
1307,2025-11-13,1
1308,2025-11-14,0
1309,2025-11-15,0
1310,2025-11-16,1
1311,2025-11-17,1
1312,2025-11-18,1
1313,2025-11-19,1
1314,2025-11-20,1
1315,2025-11-21,0
1316,2025-11-22,0
1317,2025-11-23,1
1318,2025-11-24,1
1319,2025-11-25,1
1320,2025-11-26,1
1321,2025-11-27,1
1322,2025-11-28,0
1323,2025-11-29,0
1324,2025-11-30,1
1325,2025-12-01,1
1326,2025-12-02,1
1327,2025-12-03,1
1328,2025-12-04,1
1329,2025-12-05,0
1330,2025-12-06,0
1331,2025-12-07,1
1332,2025-12-08,1
1333,2025-12-09,1
1334,2025-12-10,1
1335,2025-12-11,1
1336,2025-12-12,0
1337,2025-12-13,0
1338,2025-12-14,1
1339,2025-12-15,1
1340,2025-12-16,1
1341,2025-12-17,1
1342,2025-12-18,1
1343,2025-12-19,0
1344,2025-12-20,0
1345,2025-12-21,1
1346,2025-12-22,1
1347,2025-12-23,1
1348,2025-12-24,1
1349,2025-12-25,1
1350,2025-12-26,0
1351,2025-12-27,0
1352,2025-12-28,1
1353,2025-12-29,1
1354,2025-12-30,1
1355,2025-12-31,1
1356,2026-01-01,1
1357,2026-01-02,0
1358,2026-01-03,0
1359,2026-01-04,1
1360,2026-01-05,1
1361,2026-01-06,1
1362,2026-01-07,1
1363,2026-01-08,1
1364,2026-01-09,0
1365,2026-01-10,0
1366,2026-01-11,1
1367,2026-01-12,1
1368,2026-01-13,1
1369,2026-01-14,1
1370,2026-01-15,1
1371,2026-01-16,0
1372,2026-01-17,0
1373,2026-01-18,1
1374,2026-01-19,1
1375,2026-01-20,1
1376,2026-01-21,1
1377,2026-01-22,1
1378,2026-01-23,0
1379,2026-01-24,0
1380,2026-01-25,1
1381,2026-01-26,1
1382,2026-01-27,1
1383,2026-01-28,1
1384,2026-01-29,1
1385,2026-01-30,0
1386,2026-01-31,0
1387,2026-02-01,1
1388,2026-02-02,1
1389,2026-02-03,1
1390,2026-02-04,1
1391,2026-02-05,1
1392,2026-02-06,0
1393,2026-02-07,0
1394,2026-02-08,1
1395,2026-02-09,1
1396,2026-02-10,1
1397,2026-02-11,1
1398,2026-02-12,1
1399,2026-02-13,0
1400,2026-02-14,0
1401,2026-02-15,1
1402,2026-02-16,1
1403,2026-02-17,1
1404,2026-02-18,1
1405,2026-02-19,1
1406,2026-02-20,0
1407,2026-02-21,0
1408,2026-02-22,1
1409,2026-02-23,1
1410,2026-02-24,1
1411,2026-02-25,1
1412,2026-02-26,1
1413,2026-02-27,0
1414,2026-02-28,0
1415,2026-03-01,1
1416,2026-03-02,1
1417,2026-03-03,1
1418,2026-03-04,1
1419,2026-03-05,1
1420,2026-03-06,0
1421,2026-03-07,0
1422,2026-03-08,1
1423,2026-03-09,1
1424,2026-03-10,1
1425,2026-03-11,1
1426,2026-03-12,1
1427,2026-03-13,0
1428,2026-03-14,0
1429,2026-03-15,1
1430,2026-03-16,1
1431,2026-03-17,1
1432,2026-03-18,1
1433,2026-03-19,1
1434,2026-03-20,0
1435,2026-03-21,0
1436,2026-03-22,1
1437,2026-03-23,1
1438,2026-03-24,1
1439,2026-03-25,1
1440,2026-03-26,1
1441,2026-03-27,0
1442,2026-03-28,0
1443,2026-03-29,1
1444,2026-03-30,1
1445,2026-03-31,1
1446,2026-04-01,1
1447,2026-04-02,1
1448,2026-04-03,0
1449,2026-04-04,0
1450,2026-04-05,1
1451,2026-04-06,1
1452,2026-04-07,1
1453,2026-04-08,1
1454,2026-04-09,1
1455,2026-04-10,0
1456,2026-04-11,0
1457,2026-04-12,1
1458,2026-04-13,1
1459,2026-04-14,1
1460,2026-04-15,1
1461,2026-04-16,0
1462,2026-04-17,0
1463,2026-04-18,0
1464,2026-04-19,1
1465,2026-04-20,1
1466,2026-04-21,1
1467,2026-04-22,0
1468,2026-04-23,1
1469,2026-04-24,0
1470,2026-04-25,0
1471,2026-04-26,1
1472,2026-04-27,1
1473,2026-04-28,1
1474,2026-04-29,1
1475,2026-04-30,1
1476,2026-05-01,0
1477,2026-05-02,0
1478,2026-05-03,1
1479,2026-05-04,1
1480,2026-05-05,0
1481,2026-05-06,1
1482,2026-05-07,1
1483,2026-05-08,0
1484,2026-05-09,0
1485,2026-05-10,1
1486,2026-05-11,1
1487,2026-05-12,1
1488,2026-05-13,1
1489,2026-05-14,1
1490,2026-05-15,0
1491,2026-05-16,0
1492,2026-05-17,1
1493,2026-05-18,1
1494,2026-05-19,1
1495,2026-05-20,1
1496,2026-05-21,1
1497,2026-05-22,0
1498,2026-05-23,0
1499,2026-05-24,1
1500,2026-05-25,1
1501,2026-05-26,1
1502,2026-05-27,1
1503,2026-05-28,1
1504,2026-05-29,0
1505,2026-05-30,0
1506,2026-05-31,1
1507,2026-06-01,1
1508,2026-06-02,1
1509,2026-06-03,1
1510,2026-06-04,1
1511,2026-06-05,0
1512,2026-06-06,0
1513,2026-06-07,1
1514,2026-06-08,1
1515,2026-06-09,1
1516,2026-06-10,1
1517,2026-06-11,1
1518,2026-06-12,0
1519,2026-06-13,0
1520,2026-06-14,1
1521,2026-06-15,1
1522,2026-06-16,1
1523,2026-06-17,1
1524,2026-06-18,1
1525,2026-06-19,0
1526,2026-06-20,0
1527,2026-06-21,1
1528,2026-06-22,1
1529,2026-06-23,1
1530,2026-06-24,1
1531,2026-06-25,1
1532,2026-06-26,0
1533,2026-06-27,0
1534,2026-06-28,1
1535,2026-06-29,1
1536,2026-06-30,1
1537,2026-07-01,1
1538,2026-07-02,1
1539,2026-07-03,0
1540,2026-07-04,0
1541,2026-07-05,1
1542,2026-07-06,1
1543,2026-07-07,1
1544,2026-07-08,1
1545,2026-07-09,1
1546,2026-07-10,0
1547,2026-07-11,0
1548,2026-07-12,1
1549,2026-07-13,1
1550,2026-07-14,1
1551,2026-07-15,1
1552,2026-07-16,1
1553,2026-07-17,0
1554,2026-07-18,0
1555,2026-07-19,1
1556,2026-07-20,1
1557,2026-07-21,1
1558,2026-07-22,1
1559,2026-07-23,1
1560,2026-07-24,0
1561,2026-07-25,0
1562,2026-07-26,1
1563,2026-07-27,1
1564,2026-07-28,1
1565,2026-07-29,1
1566,2026-07-30,1
1567,2026-07-31,0
1568,2026-08-01,0
1569,2026-08-02,1
1570,2026-08-03,1
1571,2026-08-04,1
1572,2026-08-05,1
1573,2026-08-06,1
1574,2026-08-07,0
1575,2026-08-08,0
1576,2026-08-09,1
1577,2026-08-10,1
1578,2026-08-11,1
1579,2026-08-12,1
1580,2026-08-13,1
1581,2026-08-14,0
1582,2026-08-15,0
1583,2026-08-16,1
1584,2026-08-17,1
1585,2026-08-18,1
1586,2026-08-19,1
1587,2026-08-20,1
1588,2026-08-21,0
1589,2026-08-22,0
1590,2026-08-23,1
1591,2026-08-24,1
1592,2026-08-25,1
1593,2026-08-26,1
1594,2026-08-27,1
1595,2026-08-28,0
1596,2026-08-29,0
1597,2026-08-30,1
1598,2026-08-31,1
1599,2026-09-01,1
1600,2026-09-02,1
1601,2026-09-03,1
1602,2026-09-04,0
1603,2026-09-05,0
1604,2026-09-06,1
1605,2026-09-07,1
1606,2026-09-08,1
1607,2026-09-09,1
1608,2026-09-10,1
1609,2026-09-11,0
1610,2026-09-12,0
1611,2026-09-13,1
1612,2026-09-14,1
1613,2026-09-15,1
1614,2026-09-16,1
1615,2026-09-17,1
1616,2026-09-18,0
1617,2026-09-19,0
1618,2026-09-20,1
1619,2026-09-21,1
1620,2026-09-22,1
1621,2026-09-23,1
1622,2026-09-24,1
1623,2026-09-25,0
1624,2026-09-26,0
1625,2026-09-27,0
1626,2026-09-28,1
1627,2026-09-29,1
1628,2026-09-30,1
1629,2026-10-01,1
1630,2026-10-02,0
1631,2026-10-03,0
1632,2026-10-04,1
1633,2026-10-05,0
1634,2026-10-06,1
1635,2026-10-07,1
1636,2026-10-08,1
1637,2026-10-09,0
1638,2026-10-10,0
1639,2026-10-11,1
1640,2026-10-12,1
1641,2026-10-13,1
1642,2026-10-14,1
1643,2026-10-15,1
1644,2026-10-16,0
1645,2026-10-17,0
1646,2026-10-18,1
1647,2026-10-19,1
1648,2026-10-20,1
1649,2026-10-21,1
1650,2026-10-22,1
1651,2026-10-23,0
1652,2026-10-24,0
1653,2026-10-25,1
1654,2026-10-26,1
1655,2026-10-27,1
1656,2026-10-28,1
1657,2026-10-29,1
1658,2026-10-30,0
1659,2026-10-31,0
1660,2026-11-01,1
1661,2026-11-02,1
1662,2026-11-03,1
1663,2026-11-04,1
1664,2026-11-05,1
1665,2026-11-06,0
1666,2026-11-07,0
1667,2026-11-08,1
1668,2026-11-09,1
1669,2026-11-10,1
1670,2026-11-11,1
1671,2026-11-12,1
1672,2026-11-13,0
1673,2026-11-14,0
1674,2026-11-15,1
1675,2026-11-16,1
1676,2026-11-17,1
1677,2026-11-18,1
1678,2026-11-19,1
1679,2026-11-20,0
1680,2026-11-21,0
1681,2026-11-22,1
1682,2026-11-23,1
1683,2026-11-24,1
1684,2026-11-25,1
1685,2026-11-26,1
1686,2026-11-27,0
1687,2026-11-28,0
1688,2026-11-29,1
1689,2026-11-30,1
1690,2026-12-01,1
1691,2026-12-02,1
1692,2026-12-03,1
1693,2026-12-04,0
1694,2026-12-05,0
1695,2026-12-06,1
1696,2026-12-07,1
1697,2026-12-08,1
1698,2026-12-09,1
1699,2026-12-10,1
1700,2026-12-11,0
1701,2026-12-12,0
1702,2026-12-13,1
1703,2026-12-14,1
1704,2026-12-15,1
1705,2026-12-16,1
1706,2026-12-17,1
1707,2026-12-18,0
1708,2026-12-19,0
1709,2026-12-20,1
1710,2026-12-21,1
1711,2026-12-22,1
1712,2026-12-23,1
1713,2026-12-24,1
1714,2026-12-25,0
1715,2026-12-26,0
1716,2026-12-27,1
1717,2026-12-28,1
1718,2026-12-29,1
1719,2026-12-30,1
1720,2026-12-31,1
1721,2027-01-01,0
1722,2027-01-02,0
1723,2027-01-03,1
1724,2027-01-04,1
1725,2027-01-05,1
1726,2027-01-06,1
1727,2027-01-07,1
1728,2027-01-08,0
1729,2027-01-09,0
1730,2027-01-10,1
1731,2027-01-11,1
1732,2027-01-12,1
1733,2027-01-13,1
1734,2027-01-14,1
1735,2027-01-15,0
1736,2027-01-16,0
1737,2027-01-17,1
1738,2027-01-18,1
1739,2027-01-19,1
1740,2027-01-20,1
1741,2027-01-21,1
1742,2027-01-22,0
1743,2027-01-23,0
1744,2027-01-24,1
1745,2027-01-25,1
1746,2027-01-26,1
1747,2027-01-27,1
1748,2027-01-28,1
1749,2027-01-29,0
1750,2027-01-30,0
1751,2027-01-31,1
1752,2027-02-01,1
1753,2027-02-02,1
1754,2027-02-03,1
1755,2027-02-04,1
1756,2027-02-05,0
1757,2027-02-06,0
1758,2027-02-07,1
1759,2027-02-08,1
1760,2027-02-09,1
1761,2027-02-10,1
1762,2027-02-11,1
1763,2027-02-12,0
1764,2027-02-13,0
1765,2027-02-14,1
1766,2027-02-15,1
1767,2027-02-16,1
1768,2027-02-17,1
1769,2027-02-18,1
1770,2027-02-19,0
1771,2027-02-20,0
1772,2027-02-21,1
1773,2027-02-22,1
1774,2027-02-23,1
1775,2027-02-24,1
1776,2027-02-25,1
1777,2027-02-26,0
1778,2027-02-27,0
1779,2027-02-28,1
1780,2027-03-01,1
1781,2027-03-02,1
1782,2027-03-03,1
1783,2027-03-04,1
1784,2027-03-05,0
1785,2027-03-06,0
1786,2027-03-07,1
1787,2027-03-08,1
1788,2027-03-09,1
1789,2027-03-10,1
1790,2027-03-11,1
1791,2027-03-12,0
1792,2027-03-13,0
1793,2027-03-14,1
1794,2027-03-15,1
1795,2027-03-16,1
1796,2027-03-17,1
1797,2027-03-18,1
1798,2027-03-19,0
1799,2027-03-20,0
1800,2027-03-21,1
1801,2027-03-22,1
1802,2027-03-23,1
1803,2027-03-24,1
1804,2027-03-25,1
1805,2027-03-26,0
1806,2027-03-27,0
1807,2027-03-28,1
1808,2027-03-29,1
1809,2027-03-30,1
1810,2027-03-31,1
1811,2027-04-01,1
1812,2027-04-02,0
1813,2027-04-03,0
1814,2027-04-04,1
1815,2027-04-05,1
1816,2027-04-06,1
1817,2027-04-07,1
1818,2027-04-08,1
1819,2027-04-09,0
1820,2027-04-10,0
1821,2027-04-11,1
1822,2027-04-12,1
1823,2027-04-13,1
1824,2027-04-14,1
1825,2027-04-15,1
1826,2027-04-16,0
1827,2027-04-17,0
1828,2027-04-18,1
1829,2027-04-19,1
1830,2027-04-20,1
1831,2027-04-21,1
1832,2027-04-22,0
1833,2027-04-23,0
1834,2027-04-24,0
1835,2027-04-25,1
1836,2027-04-26,1
1837,2027-04-27,1
1838,2027-04-28,1
1839,2027-04-29,1
1840,2027-04-30,0
1841,2027-05-01,0
1842,2027-05-02,1
1843,2027-05-03,1
1844,2027-05-04,1
1845,2027-05-05,0
1846,2027-05-06,1
1847,2027-05-07,0
1848,2027-05-08,0
1849,2027-05-09,1
1850,2027-05-10,1
1851,2027-05-11,1
1852,2027-05-12,1
1853,2027-05-13,1
1854,2027-05-14,0
1855,2027-05-15,0
1856,2027-05-16,1
1857,2027-05-17,1
1858,2027-05-18,1
1859,2027-05-19,1
1860,2027-05-20,1
1861,2027-05-21,0
1862,2027-05-22,0
1863,2027-05-23,1
1864,2027-05-24,1
1865,2027-05-25,1
1866,2027-05-26,1
1867,2027-05-27,1
1868,2027-05-28,0
1869,2027-05-29,0
1870,2027-05-30,1
1871,2027-05-31,1
1872,2027-06-01,1
1873,2027-06-02,1
1874,2027-06-03,1
1875,2027-06-04,0
1876,2027-06-05,0
1877,2027-06-06,1
1878,2027-06-07,1
1879,2027-06-08,1
1880,2027-06-09,1
1881,2027-06-10,1
1882,2027-06-11,0
1883,2027-06-12,0
1884,2027-06-13,1
1885,2027-06-14,1
1886,2027-06-15,1
1887,2027-06-16,1
1888,2027-06-17,1
1889,2027-06-18,0
1890,2027-06-19,0
1891,2027-06-20,1
1892,2027-06-21,1
1893,2027-06-22,1
1894,2027-06-23,1
1895,2027-06-24,1
1896,2027-06-25,0
1897,2027-06-26,0
1898,2027-06-27,1
1899,2027-06-28,1
1900,2027-06-29,1
1901,2027-06-30,1
1902,2027-07-01,1
1903,2027-07-02,0
1904,2027-07-03,0
1905,2027-07-04,1
1906,2027-07-05,1
1907,2027-07-06,1
1908,2027-07-07,1
1909,2027-07-08,1
1910,2027-07-09,0
1911,2027-07-10,0
1912,2027-07-11,1
1913,2027-07-12,1
1914,2027-07-13,1
1915,2027-07-14,1
1916,2027-07-15,1
1917,2027-07-16,0
1918,2027-07-17,0
1919,2027-07-18,1
1920,2027-07-19,1
1921,2027-07-20,1
1922,2027-07-21,1
1923,2027-07-22,1
1924,2027-07-23,0
1925,2027-07-24,0
1926,2027-07-25,1
1927,2027-07-26,1
1928,2027-07-27,1
1929,2027-07-28,1
1930,2027-07-29,1
1931,2027-07-30,0
1932,2027-07-31,0
1933,2027-08-01,1
1934,2027-08-02,1
1935,2027-08-03,1
1936,2027-08-04,1
1937,2027-08-05,1
1938,2027-08-06,0
1939,2027-08-07,0
1940,2027-08-08,1
1941,2027-08-09,1
1942,2027-08-10,1
1943,2027-08-11,1
1944,2027-08-12,1
1945,2027-08-13,0
1946,2027-08-14,0
1947,2027-08-15,1
1948,2027-08-16,1
1949,2027-08-17,1
1950,2027-08-18,1
1951,2027-08-19,1
1952,2027-08-20,0
1953,2027-08-21,0
1954,2027-08-22,1
1955,2027-08-23,1
1956,2027-08-24,1
1957,2027-08-25,1
1958,2027-08-26,1
1959,2027-08-27,0
1960,2027-08-28,0
1961,2027-08-29,1
1962,2027-08-30,1
1963,2027-08-31,1
1964,2027-09-01,1
1965,2027-09-02,1
1966,2027-09-03,0
1967,2027-09-04,0
1968,2027-09-05,1
1969,2027-09-06,1
1970,2027-09-07,1
1971,2027-09-08,1
1972,2027-09-09,1
1973,2027-09-10,0
1974,2027-09-11,0
1975,2027-09-12,1
1976,2027-09-13,1
1977,2027-09-14,1
1978,2027-09-15,1
1979,2027-09-16,1
1980,2027-09-17,0
1981,2027-09-18,0
1982,2027-09-19,1
1983,2027-09-20,1
1984,2027-09-21,1
1985,2027-09-22,1
1986,2027-09-23,1
1987,2027-09-24,0
1988,2027-09-25,0
1989,2027-09-26,0
1990,2027-09-27,0
1991,2027-09-28,1
1992,2027-09-29,1
1993,2027-09-30,1
1994,2027-10-01,0
1995,2027-10-02,0
1996,2027-10-03,1
1997,2027-10-04,1
1998,2027-10-05,0
1999,2027-10-06,1
2000,2027-10-07,1
2001,2027-10-08,0
2002,2027-10-09,0
2003,2027-10-10,0
2004,2027-10-11,1
2005,2027-10-12,1
2006,2027-10-13,1
2007,2027-10-14,1
2008,2027-10-15,0
2009,2027-10-16,0
2010,2027-10-17,0
2011,2027-10-18,1
2012,2027-10-19,1
2013,2027-10-20,1
2014,2027-10-21,1
2015,2027-10-22,0
2016,2027-10-23,0
2017,2027-10-24,1
2018,2027-10-25,1
2019,2027-10-26,1
2020,2027-10-27,1
2021,2027-10-28,1
2022,2027-10-29,0
2023,2027-10-30,0
2024,2027-10-31,1
2025,2027-11-01,1
2026,2027-11-02,1
2027,2027-11-03,1
2028,2027-11-04,1
2029,2027-11-05,0
2030,2027-11-06,0
2031,2027-11-07,1
2032,2027-11-08,1
2033,2027-11-09,1
2034,2027-11-10,1
2035,2027-11-11,1
2036,2027-11-12,0
2037,2027-11-13,0
2038,2027-11-14,1
2039,2027-11-15,1
2040,2027-11-16,1
2041,2027-11-17,1
2042,2027-11-18,1
2043,2027-11-19,0
2044,2027-11-20,0
2045,2027-11-21,1
2046,2027-11-22,1
2047,2027-11-23,1
2048,2027-11-24,1
2049,2027-11-25,1
2050,2027-11-26,0
2051,2027-11-27,0
2052,2027-11-28,1
2053,2027-11-29,1
2054,2027-11-30,1
2055,2027-12-01,1
2056,2027-12-02,1
2057,2027-12-03,0
2058,2027-12-04,0
2059,2027-12-05,1
2060,2027-12-06,1
2061,2027-12-07,1
2062,2027-12-08,1
2063,2027-12-09,1
2064,2027-12-10,0
2065,2027-12-11,0
2066,2027-12-12,1
2067,2027-12-13,1
2068,2027-12-14,1
2069,2027-12-15,1
2070,2027-12-16,1
2071,2027-12-17,0
2072,2027-12-18,0
2073,2027-12-19,1
2074,2027-12-20,1
2075,2027-12-21,1
2076,2027-12-22,1
2077,2027-12-23,1
2078,2027-12-24,0
2079,2027-12-25,0
2080,2027-12-26,1
2081,2027-12-27,1
2082,2027-12-28,1
2083,2027-12-29,1
2084,2027-12-30,1
2085,2027-12-31,0
2086,2028-01-01,0
2087,2028-01-02,1
2088,2028-01-03,1
2089,2028-01-04,1
2090,2028-01-05,1
2091,2028-01-06,1
2092,2028-01-07,0
2093,2028-01-08,0
2094,2028-01-09,1
2095,2028-01-10,1
2096,2028-01-11,1
2097,2028-01-12,1
2098,2028-01-13,1
2099,2028-01-14,0
2100,2028-01-15,0
2101,2028-01-16,1
2102,2028-01-17,1
2103,2028-01-18,1
2104,2028-01-19,1
2105,2028-01-20,1
2106,2028-01-21,0
2107,2028-01-22,0
2108,2028-01-23,1
2109,2028-01-24,1
2110,2028-01-25,1
2111,2028-01-26,1
2112,2028-01-27,1
2113,2028-01-28,0
2114,2028-01-29,0
2115,2028-01-30,1
2116,2028-01-31,1
2117,2028-02-01,1
2118,2028-02-02,1
2119,2028-02-03,1
2120,2028-02-04,0
2121,2028-02-05,0
2122,2028-02-06,1
2123,2028-02-07,1
2124,2028-02-08,1
2125,2028-02-09,1
2126,2028-02-10,1
2127,2028-02-11,0
2128,2028-02-12,0
2129,2028-02-13,1
2130,2028-02-14,1
2131,2028-02-15,1
2132,2028-02-16,1
2133,2028-02-17,1
2134,2028-02-18,0
2135,2028-02-19,0
2136,2028-02-20,1
2137,2028-02-21,1
2138,2028-02-22,1
2139,2028-02-23,1
2140,2028-02-24,1
2141,2028-02-25,0
2142,2028-02-26,0
2143,2028-02-27,1
2144,2028-02-28,1
2145,2028-02-29,1
2146,2028-03-01,1
2147,2028-03-02,1
2148,2028-03-03,0
2149,2028-03-04,0
2150,2028-03-05,1
2151,2028-03-06,1
2152,2028-03-07,1
2153,2028-03-08,1
2154,2028-03-09,1
2155,2028-03-10,0
2156,2028-03-11,0
2157,2028-03-12,1
2158,2028-03-13,1
2159,2028-03-14,1
2160,2028-03-15,1
2161,2028-03-16,1
2162,2028-03-17,0
2163,2028-03-18,0
2164,2028-03-19,1
2165,2028-03-20,1
2166,2028-03-21,1
2167,2028-03-22,1
2168,2028-03-23,1
2169,2028-03-24,0
2170,2028-03-25,0
2171,2028-03-26,1
2172,2028-03-27,1
2173,2028-03-28,1
2174,2028-03-29,1
2175,2028-03-30,1
2176,2028-03-31,0
2177,2028-04-01,0
2178,2028-04-02,1
2179,2028-04-03,1
2180,2028-04-04,1
2181,2028-04-05,1
2182,2028-04-06,1
2183,2028-04-07,0
2184,2028-04-08,0
2185,2028-04-09,1
2186,2028-04-10,1
2187,2028-04-11,1
2188,2028-04-12,1
2189,2028-04-13,1
2190,2028-04-14,0
2191,2028-04-15,0
2192,2028-04-16,0
2193,2028-04-17,1
2194,2028-04-18,1
2195,2028-04-19,1
2196,2028-04-20,1
2197,2028-04-21,0
2198,2028-04-22,0
2199,2028-04-23,1
2200,2028-04-24,1
2201,2028-04-25,1
2202,2028-04-26,1
2203,2028-04-27,1
2204,2028-04-28,0
2205,2028-04-29,0
2206,2028-04-30,1
2207,2028-05-01,1
2208,2028-05-02,1
2209,2028-05-03,1
2210,2028-05-04,1
2211,2028-05-05,0
2212,2028-05-06,0
2213,2028-05-07,1
2214,2028-05-08,1
2215,2028-05-09,1
2216,2028-05-10,1
2217,2028-05-11,1
2218,2028-05-12,0
2219,2028-05-13,0
2220,2028-05-14,1
2221,2028-05-15,1
2222,2028-05-16,1
2223,2028-05-17,1
2224,2028-05-18,1
2225,2028-05-19,0
2226,2028-05-20,0
2227,2028-05-21,1
2228,2028-05-22,1
2229,2028-05-23,1
2230,2028-05-24,1
2231,2028-05-25,1
2232,2028-05-26,0
2233,2028-05-27,0
2234,2028-05-28,1
2235,2028-05-29,1
2236,2028-05-30,1
2237,2028-05-31,1
2238,2028-06-01,1
2239,2028-06-02,0
2240,2028-06-03,0
2241,2028-06-04,1
2242,2028-06-05,0
2243,2028-06-06,1
2244,2028-06-07,1
2245,2028-06-08,1
2246,2028-06-09,0
2247,2028-06-10,0
2248,2028-06-11,1
2249,2028-06-12,1
2250,2028-06-13,1
2251,2028-06-14,1
2252,2028-06-15,1
2253,2028-06-16,0
2254,2028-06-17,0
2255,2028-06-18,1
2256,2028-06-19,1
2257,2028-06-20,1
2258,2028-06-21,1
2259,2028-06-22,1
2260,2028-06-23,0
2261,2028-06-24,0
2262,2028-06-25,1
2263,2028-06-26,1
2264,2028-06-27,1
2265,2028-06-28,1
2266,2028-06-29,1
2267,2028-06-30,0
2268,2028-07-01,0
2269,2028-07-02,1
2270,2028-07-03,1
2271,2028-07-04,1
2272,2028-07-05,1
2273,2028-07-06,1
2274,2028-07-07,0
2275,2028-07-08,0
2276,2028-07-09,1
2277,2028-07-10,1
2278,2028-07-11,1
2279,2028-07-12,1
2280,2028-07-13,1
2281,2028-07-14,0
2282,2028-07-15,0
2283,2028-07-16,1
2284,2028-07-17,1
2285,2028-07-18,1
2286,2028-07-19,1
2287,2028-07-20,1
2288,2028-07-21,0
2289,2028-07-22,0
2290,2028-07-23,1
2291,2028-07-24,1
2292,2028-07-25,1
2293,2028-07-26,1
2294,2028-07-27,1
2295,2028-07-28,0
2296,2028-07-29,0
2297,2028-07-30,1
2298,2028-07-31,1
2299,2028-08-01,1
2300,2028-08-02,1
2301,2028-08-03,1
2302,2028-08-04,0
2303,2028-08-05,0
2304,2028-08-06,1
2305,2028-08-07,1
2306,2028-08-08,1
2307,2028-08-09,1
2308,2028-08-10,1
2309,2028-08-11,0
2310,2028-08-12,0
2311,2028-08-13,1
2312,2028-08-14,1
2313,2028-08-15,1
2314,2028-08-16,1
2315,2028-08-17,1
2316,2028-08-18,0
2317,2028-08-19,0
2318,2028-08-20,1
2319,2028-08-21,1
2320,2028-08-22,1
2321,2028-08-23,1
2322,2028-08-24,1
2323,2028-08-25,0
2324,2028-08-26,0
2325,2028-08-27,1
2326,2028-08-28,1
2327,2028-08-29,1
2328,2028-08-30,1
2329,2028-08-31,1
2330,2028-09-01,0
2331,2028-09-02,0
2332,2028-09-03,1
2333,2028-09-04,1
2334,2028-09-05,1
2335,2028-09-06,1
2336,2028-09-07,1
2337,2028-09-08,0
2338,2028-09-09,0
2339,2028-09-10,1
2340,2028-09-11,1
2341,2028-09-12,1
2342,2028-09-13,1
2343,2028-09-14,1
2344,2028-09-15,0
2345,2028-09-16,0
2346,2028-09-17,1
2347,2028-09-18,1
2348,2028-09-19,1
2349,2028-09-20,1
2350,2028-09-21,1
2351,2028-09-22,0
2352,2028-09-23,0
2353,2028-09-24,1
2354,2028-09-25,1
2355,2028-09-26,0
2356,2028-09-27,0
2357,2028-09-28,1
2358,2028-09-29,0
2359,2028-09-30,0
2360,2028-10-01,1
2361,2028-10-02,1
2362,2028-10-03,1
2363,2028-10-04,1
2364,2028-10-05,0
2365,2028-10-06,0
2366,2028-10-07,0
2367,2028-10-08,1
2368,2028-10-09,1
2369,2028-10-10,0
2370,2028-10-11,1
2371,2028-10-12,1
2372,2028-10-13,0
2373,2028-10-14,0
2374,2028-10-15,1
2375,2028-10-16,1
2376,2028-10-17,0
2377,2028-10-18,1
2378,2028-10-19,1
2379,2028-10-20,0
2380,2028-10-21,0
2381,2028-10-22,1
2382,2028-10-23,1
2383,2028-10-24,1
2384,2028-10-25,1
2385,2028-10-26,1
2386,2028-10-27,0
2387,2028-10-28,0
2388,2028-10-29,1
2389,2028-10-30,1
2390,2028-10-31,1
2391,2028-11-01,1
2392,2028-11-02,1
2393,2028-11-03,0
2394,2028-11-04,0
2395,2028-11-05,1
2396,2028-11-06,1
2397,2028-11-07,1
2398,2028-11-08,1
2399,2028-11-09,1
2400,2028-11-10,0
2401,2028-11-11,0
2402,2028-11-12,1
2403,2028-11-13,1
2404,2028-11-14,1
2405,2028-11-15,1
2406,2028-11-16,1
2407,2028-11-17,0
2408,2028-11-18,0
2409,2028-11-19,1
2410,2028-11-20,1
2411,2028-11-21,1
2412,2028-11-22,1
2413,2028-11-23,1
2414,2028-11-24,0
2415,2028-11-25,0
2416,2028-11-26,1
2417,2028-11-27,1
2418,2028-11-28,1
2419,2028-11-29,1
2420,2028-11-30,1
2421,2028-12-01,0
2422,2028-12-02,0
2423,2028-12-03,1
2424,2028-12-04,1
2425,2028-12-05,1
2426,2028-12-06,1
2427,2028-12-07,1
2428,2028-12-08,0
2429,2028-12-09,0
2430,2028-12-10,1
2431,2028-12-11,1
2432,2028-12-12,1
2433,2028-12-13,1
2434,2028-12-14,1
2435,2028-12-15,0
2436,2028-12-16,0
2437,2028-12-17,1
2438,2028-12-18,1
2439,2028-12-19,1
2440,2028-12-20,1
2441,2028-12-21,1
2442,2028-12-22,0
2443,2028-12-23,0
2444,2028-12-24,1
2445,2028-12-25,1
2446,2028-12-26,1
2447,2028-12-27,1
2448,2028-12-28,1
2449,2028-12-29,0
2450,2028-12-30,0
2451,2028-12-31,1
2452,2029-01-01,1
2453,2029-01-02,1
2454,2029-01-03,1
2455,2029-01-04,1
2456,2029-01-05,0
2457,2029-01-06,0
2458,2029-01-07,1
2459,2029-01-08,1
2460,2029-01-09,1
2461,2029-01-10,1
2462,2029-01-11,1
2463,2029-01-12,0
2464,2029-01-13,0
2465,2029-01-14,1
2466,2029-01-15,1
2467,2029-01-16,1
2468,2029-01-17,1
2469,2029-01-18,1
2470,2029-01-19,0
2471,2029-01-20,0
2472,2029-01-21,1
2473,2029-01-22,1
2474,2029-01-23,1
2475,2029-01-24,1
2476,2029-01-25,1
2477,2029-01-26,0
2478,2029-01-27,0
2479,2029-01-28,1
2480,2029-01-29,1
2481,2029-01-30,1
2482,2029-01-31,1
2483,2029-02-01,1
2484,2029-02-02,0
2485,2029-02-03,0
2486,2029-02-04,1
2487,2029-02-05,1
2488,2029-02-06,1
2489,2029-02-07,1
2490,2029-02-08,1
2491,2029-02-09,0
2492,2029-02-10,0
2493,2029-02-11,1
2494,2029-02-12,1
2495,2029-02-13,1
2496,2029-02-14,1
2497,2029-02-15,1
2498,2029-02-16,0
2499,2029-02-17,0
2500,2029-02-18,1
2501,2029-02-19,1
2502,2029-02-20,1
2503,2029-02-21,1
2504,2029-02-22,1
2505,2029-02-23,0
2506,2029-02-24,0
2507,2029-02-25,1
2508,2029-02-26,1
2509,2029-02-27,1
2510,2029-02-28,1
2511,2029-03-01,1
2512,2029-03-02,0
2513,2029-03-03,0
2514,2029-03-04,1
2515,2029-03-05,1
2516,2029-03-06,1
2517,2029-03-07,1
2518,2029-03-08,1
2519,2029-03-09,0
2520,2029-03-10,0
2521,2029-03-11,1
2522,2029-03-12,1
2523,2029-03-13,1
2524,2029-03-14,1
2525,2029-03-15,1
2526,2029-03-16,0
2527,2029-03-17,0
2528,2029-03-18,1
2529,2029-03-19,1
2530,2029-03-20,1
2531,2029-03-21,1
2532,2029-03-22,1
2533,2029-03-23,0
2534,2029-03-24,0
2535,2029-03-25,1
2536,2029-03-26,1
2537,2029-03-27,1
2538,2029-03-28,1
2539,2029-03-29,1
2540,2029-03-30,0
2541,2029-03-31,0
2542,2029-04-01,1
2543,2029-04-02,1
2544,2029-04-03,1
2545,2029-04-04,1
2546,2029-04-05,1
2547,2029-04-06,0
2548,2029-04-07,0
2549,2029-04-08,1
2550,2029-04-09,1
2551,2029-04-10,1
2552,2029-04-11,1
2553,2029-04-12,1
2554,2029-04-13,0
2555,2029-04-14,0
2556,2029-04-15,1
2557,2029-04-16,0
2558,2029-04-17,1
2559,2029-04-18,1
2560,2029-04-19,1
2561,2029-04-20,0
2562,2029-04-21,0
2563,2029-04-22,0
2564,2029-04-23,1
2565,2029-04-24,1
2566,2029-04-25,1
2567,2029-04-26,1
2568,2029-04-27,0
2569,2029-04-28,0
2570,2029-04-29,1
2571,2029-04-30,1
2572,2029-05-01,1
2573,2029-05-02,1
2574,2029-05-03,1
2575,2029-05-04,0
2576,2029-05-05,0
2577,2029-05-06,1
2578,2029-05-07,1
2579,2029-05-08,1
2580,2029-05-09,1
2581,2029-05-10,1
2582,2029-05-11,0
2583,2029-05-12,0
2584,2029-05-13,1
2585,2029-05-14,1
2586,2029-05-15,1
2587,2029-05-16,1
2588,2029-05-17,1
2589,2029-05-18,0
2590,2029-05-19,0
2591,2029-05-20,1
2592,2029-05-21,1
2593,2029-05-22,1
2594,2029-05-23,1
2595,2029-05-24,1
2596,2029-05-25,0
2597,2029-05-26,0
2598,2029-05-27,1
2599,2029-05-28,1
2600,2029-05-29,1
2601,2029-05-30,1
2602,2029-05-31,1
2603,2029-06-01,0
2604,2029-06-02,0
2605,2029-06-03,1
2606,2029-06-04,1
2607,2029-06-05,0
2608,2029-06-06,1
2609,2029-06-07,1
2610,2029-06-08,0
2611,2029-06-09,0
2612,2029-06-10,1
2613,2029-06-11,1
2614,2029-06-12,1
2615,2029-06-13,1
2616,2029-06-14,1
2617,2029-06-15,0
2618,2029-06-16,0
2619,2029-06-17,1
2620,2029-06-18,1
2621,2029-06-19,1
2622,2029-06-20,1
2623,2029-06-21,1
2624,2029-06-22,0
2625,2029-06-23,0
2626,2029-06-24,1
2627,2029-06-25,1
2628,2029-06-26,1
2629,2029-06-27,1
2630,2029-06-28,1
2631,2029-06-29,0
2632,2029-06-30,0
2633,2029-07-01,1
2634,2029-07-02,1
2635,2029-07-03,1
2636,2029-07-04,1
2637,2029-07-05,1
2638,2029-07-06,0
2639,2029-07-07,0
2640,2029-07-08,1
2641,2029-07-09,1
2642,2029-07-10,1
2643,2029-07-11,1
2644,2029-07-12,1
2645,2029-07-13,0
2646,2029-07-14,0
2647,2029-07-15,1
2648,2029-07-16,1
2649,2029-07-17,1
2650,2029-07-18,1
2651,2029-07-19,1
2652,2029-07-20,0
2653,2029-07-21,0
2654,2029-07-22,1
2655,2029-07-23,1
2656,2029-07-24,1
2657,2029-07-25,1
2658,2029-07-26,1
2659,2029-07-27,0
2660,2029-07-28,0
2661,2029-07-29,1
2662,2029-07-30,1
2663,2029-07-31,1
2664,2029-08-01,1
2665,2029-08-02,1
2666,2029-08-03,0
2667,2029-08-04,0
2668,2029-08-05,1
2669,2029-08-06,1
2670,2029-08-07,1
2671,2029-08-08,1
2672,2029-08-09,1
2673,2029-08-10,0
2674,2029-08-11,0
2675,2029-08-12,1
2676,2029-08-13,1
2677,2029-08-14,1
2678,2029-08-15,1
2679,2029-08-16,1
2680,2029-08-17,0
2681,2029-08-18,0
2682,2029-08-19,1
2683,2029-08-20,1
2684,2029-08-21,1
2685,2029-08-22,1
2686,2029-08-23,1
2687,2029-08-24,0
2688,2029-08-25,0
2689,2029-08-26,1
2690,2029-08-27,1
2691,2029-08-28,1
2692,2029-08-29,1
2693,2029-08-30,1
2694,2029-08-31,0
2695,2029-09-01,0
2696,2029-09-02,1
2697,2029-09-03,1
2698,2029-09-04,1
2699,2029-09-05,1
2700,2029-09-06,1
2701,2029-09-07,0
2702,2029-09-08,0
2703,2029-09-09,1
2704,2029-09-10,1
2705,2029-09-11,1
2706,2029-09-12,1
2707,2029-09-13,1
2708,2029-09-14,0
2709,2029-09-15,0
2710,2029-09-16,1
2711,2029-09-17,1
2712,2029-09-18,1
2713,2029-09-19,1
2714,2029-09-20,1
2715,2029-09-21,0
2716,2029-09-22,0
2717,2029-09-23,1
2718,2029-09-24,1
2719,2029-09-25,1
2720,2029-09-26,0
2721,2029-09-27,0
2722,2029-09-28,0
2723,2029-09-29,0
2724,2029-09-30,1
2725,2029-10-01,1
2726,2029-10-02,1
2727,2029-10-03,1
2728,2029-10-04,1
2729,2029-10-05,0
2730,2029-10-06,0
2731,2029-10-07,1
2732,2029-10-08,1
2733,2029-10-09,1
2734,2029-10-10,0
2735,2029-10-11,1
2736,2029-10-12,0
2737,2029-10-13,0
2738,2029-10-14,1
2739,2029-10-15,1
2740,2029-10-16,1
2741,2029-10-17,0
2742,2029-10-18,1
2743,2029-10-19,0
2744,2029-10-20,0
2745,2029-10-21,1
2746,2029-10-22,1
2747,2029-10-23,1
2748,2029-10-24,1
2749,2029-10-25,1
2750,2029-10-26,0
2751,2029-10-27,0
2752,2029-10-28,1
2753,2029-10-29,1
2754,2029-10-30,1
2755,2029-10-31,1
2756,2029-11-01,1
2757,2029-11-02,0
2758,2029-11-03,0
2759,2029-11-04,1
2760,2029-11-05,1
2761,2029-11-06,1
2762,2029-11-07,1
2763,2029-11-08,1
2764,2029-11-09,0
2765,2029-11-10,0
2766,2029-11-11,1
2767,2029-11-12,1
2768,2029-11-13,1
2769,2029-11-14,1
2770,2029-11-15,1
2771,2029-11-16,0
2772,2029-11-17,0
2773,2029-11-18,1
2774,2029-11-19,1
2775,2029-11-20,1
2776,2029-11-21,1
2777,2029-11-22,1
2778,2029-11-23,0
2779,2029-11-24,0
2780,2029-11-25,1
2781,2029-11-26,1
2782,2029-11-27,1
2783,2029-11-28,1
2784,2029-11-29,1
2785,2029-11-30,0
2786,2029-12-01,0
2787,2029-12-02,1
2788,2029-12-03,1
2789,2029-12-04,1
2790,2029-12-05,1
2791,2029-12-06,1
2792,2029-12-07,0
2793,2029-12-08,0
2794,2029-12-09,1
2795,2029-12-10,1
2796,2029-12-11,1
2797,2029-12-12,1
2798,2029-12-13,1
2799,2029-12-14,0
2800,2029-12-15,0
2801,2029-12-16,1
2802,2029-12-17,1
2803,2029-12-18,1
2804,2029-12-19,1
2805,2029-12-20,1
2806,2029-12-21,0
2807,2029-12-22,0
2808,2029-12-23,1
2809,2029-12-24,1
2810,2029-12-25,1
2811,2029-12-26,1
2812,2029-12-27,1
2813,2029-12-28,0
2814,2029-12-29,0
2815,2029-12-30,1
2816,2029-12-31,1
2817,2030-01-01,1
2818,2030-01-02,1
2819,2030-01-03,1
2820,2030-01-04,0
2821,2030-01-05,0
2822,2030-01-06,1
2823,2030-01-07,1
2824,2030-01-08,1
2825,2030-01-09,1
2826,2030-01-10,1
2827,2030-01-11,0
2828,2030-01-12,0
2829,2030-01-13,1
2830,2030-01-14,1
2831,2030-01-15,1
2832,2030-01-16,1
2833,2030-01-17,1
2834,2030-01-18,0
2835,2030-01-19,0
2836,2030-01-20,1
2837,2030-01-21,1
2838,2030-01-22,1
2839,2030-01-23,1
2840,2030-01-24,1
2841,2030-01-25,0
2842,2030-01-26,0
2843,2030-01-27,1
2844,2030-01-28,1
2845,2030-01-29,1
2846,2030-01-30,1
2847,2030-01-31,1
2848,2030-02-01,0
2849,2030-02-02,0
2850,2030-02-03,1
2851,2030-02-04,1
2852,2030-02-05,1
2853,2030-02-06,1
2854,2030-02-07,1
2855,2030-02-08,0
2856,2030-02-09,0
2857,2030-02-10,1
2858,2030-02-11,1
2859,2030-02-12,1
2860,2030-02-13,1
2861,2030-02-14,1
2862,2030-02-15,0
2863,2030-02-16,0
2864,2030-02-17,1
2865,2030-02-18,1
2866,2030-02-19,1
2867,2030-02-20,1
2868,2030-02-21,1
2869,2030-02-22,0
2870,2030-02-23,0
2871,2030-02-24,1
2872,2030-02-25,1
2873,2030-02-26,1
2874,2030-02-27,1
2875,2030-02-28,1
2876,2030-03-01,0
2877,2030-03-02,0
2878,2030-03-03,1
2879,2030-03-04,1
2880,2030-03-05,1
2881,2030-03-06,1
2882,2030-03-07,1
2883,2030-03-08,0
2884,2030-03-09,0
2885,2030-03-10,1
2886,2030-03-11,1
2887,2030-03-12,1
2888,2030-03-13,1
2889,2030-03-14,1
2890,2030-03-15,0
2891,2030-03-16,0
2892,2030-03-17,1
2893,2030-03-18,1
2894,2030-03-19,1
2895,2030-03-20,1
2896,2030-03-21,1
2897,2030-03-22,0
2898,2030-03-23,0
2899,2030-03-24,1
2900,2030-03-25,1
2901,2030-03-26,1
2902,2030-03-27,1
2903,2030-03-28,1
2904,2030-03-29,0
2905,2030-03-30,0
2906,2030-03-31,1
2907,2030-04-01,1
2908,2030-04-02,1
2909,2030-04-03,1
2910,2030-04-04,1
2911,2030-04-05,0
2912,2030-04-06,0
2913,2030-04-07,1
2914,2030-04-08,1
2915,2030-04-09,1
2916,2030-04-10,1
2917,2030-04-11,1
2918,2030-04-12,0
2919,2030-04-13,0
2920,2030-04-14,1
2921,2030-04-15,1
2922,2030-04-16,0
2923,2030-04-17,1
2924,2030-04-18,1
2925,2030-04-19,0
2926,2030-04-20,0
2927,2030-04-21,1
2928,2030-04-22,0
2929,2030-04-23,1
2930,2030-04-24,1
2931,2030-04-25,1
2932,2030-04-26,0
2933,2030-04-27,0
2934,2030-04-28,1
2935,2030-04-29,1
2936,2030-04-30,1
2937,2030-05-01,1
2938,2030-05-02,1
2939,2030-05-03,0
2940,2030-05-04,0
2941,2030-05-05,0
2942,2030-05-06,1
2943,2030-05-07,1
2944,2030-05-08,1
2945,2030-05-09,1
2946,2030-05-10,0
2947,2030-05-11,0
2948,2030-05-12,1
2949,2030-05-13,1
2950,2030-05-14,1
2951,2030-05-15,1
2952,2030-05-16,1
2953,2030-05-17,0
2954,2030-05-18,0
2955,2030-05-19,1
2956,2030-05-20,1
2957,2030-05-21,1
2958,2030-05-22,1
2959,2030-05-23,1
2960,2030-05-24,0
2961,2030-05-25,0
2962,2030-05-26,1
2963,2030-05-27,1
2964,2030-05-28,1
2965,2030-05-29,1
2966,2030-05-30,1
2967,2030-05-31,0
2968,2030-06-01,0
2969,2030-06-02,1
2970,2030-06-03,1
2971,2030-06-04,1
2972,2030-06-05,0
2973,2030-06-06,1
2974,2030-06-07,0
2975,2030-06-08,0
2976,2030-06-09,1
2977,2030-06-10,1
2978,2030-06-11,1
2979,2030-06-12,1
2980,2030-06-13,1
2981,2030-06-14,0
2982,2030-06-15,0
2983,2030-06-16,1
2984,2030-06-17,1
2985,2030-06-18,1
2986,2030-06-19,1
2987,2030-06-20,1
2988,2030-06-21,0
2989,2030-06-22,0
2990,2030-06-23,1
2991,2030-06-24,1
2992,2030-06-25,1
2993,2030-06-26,1
2994,2030-06-27,1
2995,2030-06-28,0
2996,2030-06-29,0
2997,2030-06-30,1
2998,2030-07-01,1
2999,2030-07-02,1
3000,2030-07-03,1
3001,2030-07-04,1
3002,2030-07-05,0
3003,2030-07-06,0
3004,2030-07-07,1
3005,2030-07-08,1
3006,2030-07-09,1
3007,2030-07-10,1
3008,2030-07-11,1
3009,2030-07-12,0
3010,2030-07-13,0
3011,2030-07-14,1
3012,2030-07-15,1
3013,2030-07-16,1
3014,2030-07-17,1
3015,2030-07-18,1
3016,2030-07-19,0
3017,2030-07-20,0
3018,2030-07-21,1
3019,2030-07-22,1
3020,2030-07-23,1
3021,2030-07-24,1
3022,2030-07-25,1
3023,2030-07-26,0
3024,2030-07-27,0
3025,2030-07-28,1
3026,2030-07-29,1
3027,2030-07-30,1
3028,2030-07-31,1
3029,2030-08-01,1
3030,2030-08-02,0
3031,2030-08-03,0
3032,2030-08-04,1
3033,2030-08-05,1
3034,2030-08-06,1
3035,2030-08-07,1
3036,2030-08-08,1
3037,2030-08-09,0
3038,2030-08-10,0
3039,2030-08-11,1
3040,2030-08-12,1
3041,2030-08-13,1
3042,2030-08-14,1
3043,2030-08-15,1
3044,2030-08-16,0
3045,2030-08-17,0
3046,2030-08-18,1
3047,2030-08-19,1
3048,2030-08-20,1
3049,2030-08-21,1
3050,2030-08-22,1
3051,2030-08-23,0
3052,2030-08-24,0
3053,2030-08-25,1
3054,2030-08-26,1
3055,2030-08-27,1
3056,2030-08-28,1
3057,2030-08-29,1
3058,2030-08-30,0
3059,2030-08-31,0
3060,2030-09-01,1
3061,2030-09-02,1
3062,2030-09-03,1
3063,2030-09-04,1
3064,2030-09-05,1
3065,2030-09-06,0
3066,2030-09-07,0
3067,2030-09-08,1
3068,2030-09-09,1
3069,2030-09-10,1
3070,2030-09-11,1
3071,2030-09-12,1
3072,2030-09-13,0
3073,2030-09-14,0
3074,2030-09-15,1
3075,2030-09-16,1
3076,2030-09-17,1
3077,2030-09-18,1
3078,2030-09-19,1
3079,2030-09-20,0
3080,2030-09-21,0
3081,2030-09-22,1
3082,2030-09-23,1
3083,2030-09-24,1
3084,2030-09-25,1
3085,2030-09-26,0
3086,2030-09-27,0
3087,2030-09-28,0
3088,2030-09-29,1
3089,2030-09-30,1
3090,2030-10-01,1
3091,2030-10-02,1
3092,2030-10-03,1
3093,2030-10-04,0
3094,2030-10-05,0
3095,2030-10-06,1
3096,2030-10-07,1
3097,2030-10-08,1
3098,2030-10-09,1
3099,2030-10-10,0
3100,2030-10-11,0
3101,2030-10-12,0
3102,2030-10-13,1
3103,2030-10-14,1
3104,2030-10-15,1
3105,2030-10-16,1
3106,2030-10-17,0
3107,2030-10-18,0
3108,2030-10-19,0
3109,2030-10-20,1
3110,2030-10-21,1
3111,2030-10-22,1
3112,2030-10-23,1
3113,2030-10-24,1
3114,2030-10-25,0
3115,2030-10-26,0
3116,2030-10-27,1
3117,2030-10-28,1
3118,2030-10-29,1
3119,2030-10-30,1
3120,2030-10-31,1
3121,2030-11-01,0
3122,2030-11-02,0
3123,2030-11-03,1
3124,2030-11-04,1
3125,2030-11-05,1
3126,2030-11-06,1
3127,2030-11-07,1
3128,2030-11-08,0
3129,2030-11-09,0
3130,2030-11-10,1
3131,2030-11-11,1
3132,2030-11-12,1
3133,2030-11-13,1
3134,2030-11-14,1
3135,2030-11-15,0
3136,2030-11-16,0
3137,2030-11-17,1
3138,2030-11-18,1
3139,2030-11-19,1
3140,2030-11-20,1
3141,2030-11-21,1
3142,2030-11-22,0
3143,2030-11-23,0
3144,2030-11-24,1
3145,2030-11-25,1
3146,2030-11-26,1
3147,2030-11-27,1
3148,2030-11-28,1
3149,2030-11-29,0
3150,2030-11-30,0
3151,2030-12-01,1
3152,2030-12-02,1
3153,2030-12-03,1
3154,2030-12-04,1
3155,2030-12-05,1
3156,2030-12-06,0
3157,2030-12-07,0
3158,2030-12-08,1
3159,2030-12-09,1
3160,2030-12-10,1
3161,2030-12-11,1
3162,2030-12-12,1
3163,2030-12-13,0
3164,2030-12-14,0
3165,2030-12-15,1
3166,2030-12-16,1
3167,2030-12-17,1
3168,2030-12-18,1
3169,2030-12-19,1
3170,2030-12-20,0
3171,2030-12-21,0
3172,2030-12-22,1
3173,2030-12-23,1
3174,2030-12-24,1
3175,2030-12-25,1
3176,2030-12-26,1
3177,2030-12-27,0
3178,2030-12-28,0
3179,2030-12-29,1
3180,2030-12-30,1
